{"cameraMode":{"drawMode":0,"name":"Shaded","section":"Shading Mode"},"sceneLighting":true,"audioPlay":false,"sceneViewState":{"showFog":true,"showMaterialUpdate":false,"showSkybox":true,"showFlares":true,"showImageEffects":true,"showParticleSystems":true,"showVisualEffectGraphs":true,"m_FxEnabled":true},"in2DMode":false,"pivot":{"x":2.4586246013641359,"y":-0.6245570182800293,"z":1.5002412796020508},"rotation":{"x":-0.2971964180469513,"y":0.019192706793546678,"z":-0.005970201455056667,"w":-0.9546287655830383},"size":7.032984733581543,"orthographic":false}