{"cameraMode":{"drawMode":0,"name":"Shaded","section":"Shading Mode"},"sceneLighting":true,"audioPlay":false,"sceneViewState":{"showFog":true,"showMaterialUpdate":false,"showSkybox":true,"showFlares":true,"showImageEffects":true,"showParticleSystems":true,"showVisualEffectGraphs":true,"m_FxEnabled":true},"in2DMode":false,"pivot":{"x":4.585772514343262,"y":5.543601036071777,"z":3.9280433654785158},"rotation":{"x":-0.21740248799324037,"y":-0.03747311979532242,"z":0.008342862129211426,"w":-0.9753551483154297},"size":11.782925605773926,"orthographic":false}